Name,Weight,L*,a*,b*,deltaL*,deltaa*,deltab*,deltaE*ab,400 nm,410 nm,420 nm,430 nm,440 nm,450 nm,460 nm,470 nm,480 nm,490 nm,500 nm,510 nm,520 nm,530 nm,540 nm,550 nm,560 nm,570 nm,580 nm,590 nm,600 nm,610 nm,620 nm,630 nm,640 nm,650 nm,660 nm,670 nm,680 nm,690 nm,700 nm,L*_,a*_,b*_,deltaL*_,deltaa*_,deltab*_,deltaE*ab_,400nm_,410nm_,420nm_,430nm_,440nm_,450nm_,460nm_,470nm_,480nm_,490nm_,500nm_,510nm_,520nm_,530nm_,540nm_,550nm_,560nm_,570nm_,580nm_,590nm_,600nm_,610nm_,620nm_,630nm_,640nm_,650nm_,660nm_,670nm_,680nm_,690nm_,700nm_
Target,,68.79,-1.14,2.57,--,--,--,--,33.56,34.53,35.12,36.42,37.02,37.27,37.47,37.53,37.65,37.86,37.88,38.07,38.37,38.67,39.14,39.67,40.04,40.52,40.82,40.9,40.57,39.86,38.67,36.98,34.77,32.32,29.53,26.73,24.03,21.41,19.64,79.175,-7.48,1.745,------,------,------,------,49.03,50.36,51.64,52.765,53.37,53.695,53.86,54.115,54.24,54.44,54.88,55.605,56.465,57.435,58.195,58.81,59.085,58.92,58.05,56.125,53.34,49.9,45.495,40.61,35.75,31.175,27.005,23.445,20.66,18.345,16.88
In-WB-001-O-SF-3#20220422-A3-8T-3,16,59.89,4.2,8.76,-8.9,5.33,6.19,12.08,16.22,18.21,19.67,21.01,22.34,23.23,23.59,23.9,24.25,24.73,24.97,25.4,25.72,26.12,26.68,27.29,28.06,28.89,29.87,30.89,31.86,32.73,33.45,33.95,34.06,33.91,33.19,32.13,30.69,28.92,27.2,74.3,2.97,12.04,-4.87,10.45,10.29,15.45,26.86,29.29,31.98,34.7,36.31,37.41,38.27,39.12,39.81,40.47,41.21,42.13,43.22,44.46,45.75,47.19,48.71,50.31,51.88,53.07,53.86,54.26,53.88,52.77,51.03,48.77,46.15,43.33,40.47,37.43,34.66
In-WB-001-O-SF-3#20220424-A1-20T-3,43.5,61.73,5.09,8.92,-7.06,6.23,6.35,11.35,18.93,20.79,21.85,23.09,24.09,24.89,25.21,25.38,25.68,26.11,26.36,26.77,27.27,27.73,28.44,29.29,30.23,31.3,32.59,33.75,34.89,35.85,36.52,36.71,36.45,35.7,34.29,32.49,30.23,27.62,25.04,77.91,3.54,13.31,-1.26,11.02,11.57,16.03,32.23,34.35,36.7,38.96,40.31,41.27,42.01,42.77,43.42,44.1,44.99,46.21,47.66,49.41,51.25,53.34,55.57,57.85,59.91,61.35,62.06,62.05,60.78,58.38,55.02,50.95,46.4,41.68,37.08,32.44,28.56
In-WB-001-O-SF-3#20220424-A2-20T-3,41.5,61.12,5.74,8.81,-7.66,6.87,6.24,12.04,20.53,21.75,22.24,23.21,23.97,24.1,24.26,24.28,24.62,24.87,25.12,25.56,26.15,26.71,27.59,28.61,29.81,31.15,32.5,33.85,34.93,35.57,35.8,35.41,34.52,33.18,31.3,29.13,26.62,24.18,21.93,75.98,2.66,13.21,-3.19,10.14,11.47,15.64,33.45,34.64,35.95,37.21,37.92,38.42,38.81,39.32,39.83,40.47,41.4,42.71,44.39,46.48,48.65,51.04,53.46,55.78,57.6,58.46,58.25,57.14,54.77,51.47,47.53,43.3,38.92,34.77,31.03,27.44,24.54
In-WB-001-O-SF-3#20220425-A1-20T-3,41.5,61.2,4.67,8.1,-7.59,5.81,5.53,11.04,20.61,21.66,22.5,23.61,24.47,24.64,24.8,24.88,25.2,25.51,25.78,26.16,26.7,27.2,27.97,28.88,29.89,31.08,32.23,33.37,34.38,34.82,35.01,34.55,33.68,32.38,30.58,28.54,26.17,23.77,21.77,76.2,2.04,11.94,-2.98,9.53,10.19,14.27,33.9,35.36,36.94,38.41,39.24,39.79,40.25,40.79,41.3,41.91,42.75,43.93,45.43,47.27,49.21,51.32,53.45,55.49,57.08,57.82,57.65,56.7,54.54,51.51,47.84,43.81,39.58,35.49,31.72,28.08,25.19
In-WB-001-O-SF-3#20220425-A2-20T-3,42,65.24,2.67,7.36,-3.55,3.81,4.79,7.08,24.54,26.15,26.93,28.32,29.02,29.38,29.68,29.91,30.29,30.64,31,31.4,31.95,32.49,33.26,34.15,35.09,36.12,37.21,38.02,38.73,38.94,38.63,37.75,36.18,34.15,31.45,28.59,25.51,22.43,19.89,80.79,-2.6,9.67,1.62,4.88,7.93,9.45,41.72,43.44,45.16,46.84,47.91,48.63,49.22,49.96,50.64,51.38,52.37,53.67,55.25,57.08,58.87,60.76,62.53,64.03,64.9,64.53,62.95,60.37,56.36,51.35,45.85,40.23,34.67,29.6,25.36,21.6,18.89
In-WB-001-O-SF-3#20220425-A3-20T-3,42.5,65.03,2.79,7.21,-3.76,3.92,4.64,7.14,23.96,25.52,26.43,28.01,28.92,29.3,29.63,29.93,30.3,30.64,30.93,31.25,31.8,32.25,32.94,33.74,34.64,35.61,36.69,37.59,38.4,38.76,38.64,37.96,36.53,34.6,31.9,28.98,25.63,22.39,19.59,81.03,-1.11,10.03,1.86,6.36,8.28,10.61,40.59,42.59,44.74,46.72,47.92,48.79,49.48,50.24,50.89,51.54,52.4,53.57,55.03,56.77,58.5,60.41,62.3,64.09,65.41,65.7,64.86,62.94,59.43,54.61,48.98,42.94,36.73,30.86,25.72,21.01,17.52
In-WB-001-O-SF-3#20220426-A1-20T-3,42.5,65.25,1.44,3.92,-3.54,2.57,1.35,4.58,27.29,28.74,29.66,30.98,31.63,31.85,31.94,32.01,32.2,32.37,32.48,32.68,33,33.21,33.71,34.18,34.73,35.38,36.06,36.67,37.08,37.2,36.92,36.13,34.77,33.08,30.75,28.27,25.63,23.01,20.9,80.19,-2.7,5.67,1.02,4.78,3.93,6.27,45.76,47.42,49.06,50.35,51.01,51.49,51.83,52.3,52.68,53.1,53.69,54.52,55.49,56.64,57.74,58.95,60.11,61.15,61.75,61.47,60.23,58.13,54.69,50.25,45.33,40.25,35.25,30.64,26.71,23.27,20.87
In-WB-001-O-SF-3#20220427-A2-1T-3,2,68.09,-15.62,-2.52,-0.7,-14.49,-5.09,15.37,34.31,35.53,36.88,38.6,39.76,40.35,41,41.37,41.82,42.17,42.36,42.63,42.86,42.84,42.81,42.32,41.43,39.82,37.43,34.3,30.59,26.61,22.57,18.87,15.45,12.68,10.38,8.85,8.03,7.66,7.77,79.04,-31.96,-10.03,-0.14,-24.48,-11.77,27.16,55.39,57.84,60.35,63.05,64.91,66.11,67.04,68.05,68.81,69.44,70.06,70.66,70.83,70.29,68.41,65.15,60.19,53.53,45.8,37.59,29.92,23.08,17.02,12.12,8.74,6.79,5.91,5.79,6.13,6.65,7.26
In-WB-001-O-SF-3#20220427-A4-20T-3,43.5,71.2,-14.54,-5.83,2.41,-13.4,-8.41,16,46.03,45.87,46.22,47.53,47.74,47.71,47.9,47.94,48.04,47.95,47.88,47.89,47.97,47.78,47.52,46.84,45.5,43.46,40.6,37.05,33.05,29.11,25.58,22.58,19.99,17.99,16.62,16.09,16.17,16.62,17.15,85.13,-29.64,-15.09,5.96,-22.16,-16.84,28.46,80.22,81.71,83.01,84.15,84.93,85.34,85.48,85.81,85.91,85.97,86.17,86.4,86.12,84.72,81.4,76.24,69.17,60.52,51.41,42.77,35.54,29.59,24.85,21.86,20.82,21.25,22.47,23.98,25.43,26.7,27.72
In-WB-001-O-SF-3#20220505-A1-20T-3,45,70.22,-0.67,3.29,1.43,0.47,0.72,1.67,30.53,33.02,34.68,36.82,38,38.81,39.49,39.81,40.17,40.31,40.36,40.47,40.65,40.66,40.89,41.1,41.34,41.6,41.99,42.26,42.46,42.49,42.2,41.52,40.37,38.86,36.62,34,31,28,25.1,86.52,-4.01,4.29,7.34,3.47,2.54,8.51,52.19,55.31,58.56,61.74,63.59,64.77,65.58,66.36,66.78,67.06,67.42,68.03,68.68,69.5,70.21,70.91,71.61,72.24,72.63,72.22,71.02,69.04,65.54,60.82,55.18,49.21,43.21,37.7,32.73,28.01,24.26
In-WB-001-O-SF-3#20220505-A2-20T-3,46,69.3,-0.19,4.01,0.51,0.94,1.43,1.79,29.15,31.54,32.97,34.75,36.03,37.14,37.82,38,38.31,38.56,38.71,38.86,39.07,39.17,39.46,39.72,40.01,40.46,40.84,41.28,41.56,41.78,41.57,40.98,39.82,38.19,35.92,33.22,30.03,26.92,24.18,86.66,-3.92,5.06,7.49,3.56,3.31,8.93,52.1,55.05,58.1,61.15,62.94,64.13,64.95,65.75,66.24,66.59,67.06,67.78,68.61,69.6,70.41,71.31,72.18,73.1,73.68,73.36,72.13,69.91,66.02,60.74,54.56,48.09,41.68,35.87,30.76,26.14,22.86
In-WB-001-O-SF-3#20220506-A1-20T-3,46,67.74,-1.44,5.13,-1.05,-0.3,2.55,2.78,25.39,27.94,29.54,31.6,33.08,34.29,35.06,35.37,35.85,36.35,36.59,36.82,37.12,37.3,37.65,37.94,38.28,38.71,38.99,39.31,39.31,39.14,38.47,37.36,35.61,33.54,30.9,28.06,25.08,22.29,19.81,83.08,-6.22,6.12,3.91,1.25,4.37,6,42.49,45.68,49.16,52.71,54.9,56.4,57.57,58.69,59.5,60.14,60.83,61.66,62.55,63.49,64.25,65.09,65.78,66.26,66.27,65.31,63.38,60.58,56.43,51.27,45.66,40.04,34.53,29.5,25.13,21.12,18.26
In-WB-001-O-SF-3#20220506-A2-20T-3,47,68.16,-1.58,4.62,-0.63,-0.44,2.04,2.18,26.83,29.12,30.84,32.71,34.09,35.06,35.78,36.24,36.73,37.11,37.24,37.52,37.78,37.93,38.3,38.57,38.85,39.25,39.48,39.76,39.75,39.45,38.75,37.54,35.84,33.71,30.89,28.08,25.12,22.3,20.03,84.89,-6.66,6.26,5.72,0.82,4.52,7.34,45.35,48.55,52.06,55.66,57.91,59.46,60.69,61.87,62.73,63.45,64.18,65.08,66.08,67.15,68.01,68.9,69.69,70.21,70.13,69.01,66.86,63.66,59.02,53.33,47.11,40.87,34.91,29.54,25.06,21.13,18.48
In-WB-001-O-SF-3#20220506-A3-20T-3,51,65.78,-2.32,4.88,-3,-1.18,2.31,3.97,24.38,26.46,27.74,29.75,30.96,31.84,32.51,33.05,33.54,34,34.26,34.55,34.83,35.04,35.35,35.66,35.88,36.18,36.36,36.46,36.24,35.69,34.86,33.48,31.75,29.71,27.3,25.02,22.52,20.16,18.41,80.94,-8.46,5.64,1.77,-0.98,3.9,4.39,40.43,43.15,46.22,49.39,51.57,53.1,54.3,55.45,56.3,57.02,57.81,58.75,59.74,60.73,61.41,61.99,62.28,62.21,61.49,59.77,57.16,53.85,49.49,44.56,39.53,34.77,30.32,26.41,23.08,20.14,18.16
In-WB-001-O-SF-3#20220507-A1-20T-3,43,65.54,-1.03,7.07,-3.25,0.11,4.5,5.55,21.19,23.6,25.21,27.58,29.04,30.09,30.98,31.55,32.23,32.79,33.16,33.56,33.92,34.18,34.64,35.02,35.48,35.98,36.41,36.71,36.91,36.81,36.35,35.42,34.05,32.3,29.86,27.43,24.92,22.26,19.88,81.14,-5.86,8.95,1.96,1.62,7.2,7.64,35.29,38.43,42.03,46.04,48.56,50.32,51.73,53.09,54.17,55.12,56.06,57.18,58.31,59.54,60.56,61.52,62.36,63,63.14,62.34,60.65,58.19,54.48,49.84,44.75,39.6,34.58,29.94,25.84,22.03,19.17
In-WB-001-O-SF-3#20220507-A2-22T-3,50,67.1,-1.11,4.56,-1.69,0.03,1.98,2.61,25.89,28.2,29.77,31.65,32.97,33.69,34.32,34.82,35.22,35.64,35.77,36,36.29,36.44,36.67,37,37.27,37.71,38.02,38.35,38.45,38.26,37.7,36.69,35.17,33.17,30.72,28.05,25.31,22.58,20.39,82.49,-5.52,5.85,3.32,1.96,4.11,5.63,43.24,46.02,49.11,52.3,54.29,55.62,56.62,57.56,58.25,58.84,59.48,60.3,61.18,62.11,62.9,63.74,64.45,65.04,65.19,64.37,62.62,60.01,56.08,51.13,45.73,40.31,35.1,30.34,26.13,22.34,19.64
In-WB-001-O-SF-3#20220509-A1-20T-3,46,63.09,-0.83,5.41,-5.69,0.31,2.84,6.37,20.76,22.95,24.46,26.33,27.68,28.38,29.03,29.51,29.95,30.38,30.59,30.86,31.16,31.28,31.59,31.86,32.15,32.56,32.87,33.24,33.37,33.32,33.02,32.3,31.13,29.6,27.64,25.5,23.14,20.77,18.94,75.83,-4.18,7.39,-3.34,3.3,5.64,7.34,31.76,34.35,37.28,40.24,42.09,43.4,44.45,45.43,46.16,46.79,47.46,48.21,49.02,49.86,50.63,51.4,52.09,52.68,53.02,52.75,51.8,50.18,47.46,43.89,39.8,35.54,31.29,27.26,23.66,20.3,17.69
In-WB-001-O-SF-3#20220509-A2-20T-3,48,68.34,-2.09,2.72,-0.45,-0.95,0.15,1.06,28.72,30.91,32.62,34.82,36.04,36.74,37.34,37.65,38.04,38.3,38.29,38.39,38.56,38.54,38.67,38.82,38.9,39.07,39.18,39.31,39.24,38.82,38,36.82,35.16,33.12,30.63,28,25.38,23.2,21.21,84.29,-6.96,3.14,5.11,0.52,1.4,5.33,49.03,52.12,55.43,58.67,60.6,61.83,62.67,63.46,63.91,64.21,64.57,65.1,65.76,66.49,67.01,67.55,67.93,68.08,67.71,66.34,63.98,60.72,56.17,50.79,45.18,39.9,35.12,31.04,27.7,24.86,23.14
In-WB-001-O-SF-3#20220510-A1-20T-3,48,67.28,-1.01,5.74,-1.51,0.12,3.16,3.51,23.08,25.76,28.13,30.76,32.12,33.04,34,34.66,35.25,35.73,35.95,36.18,36.5,36.65,36.91,37.18,37.44,37.76,38.05,38.41,38.68,38.69,38.51,38.05,37.08,35.7,33.75,31.37,28.6,25.82,23.17,83.22,-4.11,7.81,4.05,3.37,6.06,8.03,38.89,42.5,46.49,50.64,53.26,55.06,56.45,57.74,58.68,59.43,60.2,61.04,61.93,62.87,63.63,64.4,65.17,65.86,66.33,66.19,65.36,63.82,60.95,56.96,52.11,46.81,41.32,36.18,31.53,27.07,23.47
In-WB-001-O-SF-3#20220510-A2-20T-3,45,65.51,-0.71,3.94,-3.28,0.43,1.37,3.58,23.53,26.02,28,30.37,31.52,32.2,32.88,33.33,33.77,33.97,34.01,34.1,34.32,34.34,34.54,34.74,34.92,35.2,35.46,35.71,35.96,36.04,35.84,35.43,34.62,33.5,31.77,29.74,27.45,24.97,22.85,80.1,-3.14,6.07,0.93,4.34,4.32,6.19,37.96,41.25,44.74,48.2,50.22,51.51,52.43,53.26,53.82,54.22,54.74,55.38,56.09,56.93,57.61,58.28,58.93,59.55,60.06,59.97,59.32,58.1,55.7,52.31,48.15,43.56,38.88,34.48,30.57,26.83,23.92
In-WB-001-O-SF-3#20220511-A1-20T-3,46,64.2,-0.98,6.7,-4.59,0.16,4.13,6.18,18.76,21.67,23.42,26.21,27.79,28.83,29.78,30.51,31.16,31.68,31.95,32.24,32.54,32.69,32.95,33.21,33.41,33.73,34.04,34.32,34.6,34.68,34.74,34.53,33.97,33.12,31.69,29.95,27.71,25.43,23.32,79.15,-2.53,9.32,-0.02,4.95,7.57,9.05,30.9,34.34,38.25,42.51,45.15,46.99,48.41,49.69,50.65,51.41,52.2,53.09,53.94,54.83,55.6,56.37,57.09,57.85,58.59,58.87,58.7,58.1,56.42,53.77,50.25,46.14,41.6,37.1,32.92,28.79,25.26
In-WB-001-O-SF-3#20220511-A2-20T-3,46,63.84,-0.64,5.08,-4.95,0.5,2.51,5.57,20.21,22.78,24.81,27.08,28.71,29.6,30.34,30.86,31.3,31.6,31.67,31.83,32.06,32.19,32.42,32.62,32.91,33.21,33.56,33.82,34.08,34.14,34.08,33.69,32.95,31.93,30.56,28.79,26.58,24.61,22.77,78.34,-3.11,7.24,-0.83,4.37,5.49,7.07,33.4,36.75,40.37,44.02,46.24,47.61,48.61,49.5,50.13,50.65,51.29,52.06,52.89,53.77,54.52,55.3,56.01,56.66,57.07,56.94,56.27,55.07,52.86,49.88,46.25,42.3,38.38,34.72,31.43,28.16,25.51
In-WB-001-O-SF-3#20220512-A1-20T-3,47,67.2,-1.35,5.95,-1.59,-0.22,3.38,3.74,21.98,25.36,27.62,30.22,31.88,32.84,33.85,34.51,35.15,35.59,35.85,36.11,36.45,36.59,36.89,37.14,37.42,37.74,38.11,38.34,38.53,38.5,38.17,37.51,36.37,34.79,32.6,30.13,27.17,24.22,21.72,82.17,-4.37,8.14,3,3.11,6.39,7.72,36.55,40.33,44.38,48.55,51.13,52.9,54.32,55.65,56.63,57.41,58.24,59.11,59.98,60.91,61.68,62.52,63.29,64.04,64.51,64.34,63.4,61.71,58.74,54.68,49.79,44.38,38.73,33.31,28.36,23.55,19.67
In-WB-001-O-SF-3#20220512-A2-20T-3,43,68.47,-1.35,0.4,-0.32,-0.21,-2.18,2.21,37.26,37.3,37.36,37.96,38.41,38.7,38.62,38.34,38.26,38.12,38,38.01,38.18,38.29,38.57,39.01,39.55,39.94,40.38,40.56,40.04,39.11,37.37,34.97,31.92,28.54,25.14,21.86,19.11,17.25,15.93,82.54,-10.37,-0.04,3.36,-2.89,-1.78,4.78,58.3,59.42,60.41,61.08,61.45,61.53,61.5,61.55,61.48,61.48,61.74,62.33,63.21,64.39,65.46,66.4,67.01,66.88,65.54,62.45,57.71,51.7,44.55,37.09,30.27,24.64,20.46,17.93,16.65,16.07,16.06
In-WB-001-O-SF-3#20220513-A1-20T-3,43,70.92,-2.75,0.64,2.13,-1.61,-1.94,3.3,37.97,39.11,39.83,41.2,41.47,41.65,41.95,42.15,42.22,42.14,42.13,42.1,42.27,42.33,42.53,42.84,43.06,43.29,43.42,43.22,42.58,41.43,39.75,37.39,34.48,31.26,27.82,24.48,21.42,18.94,17.07,87.06,-11.44,-0.39,7.89,-3.96,-2.13,9.08,63.86,65.87,67.78,69.44,70.45,70.97,71.28,71.67,71.8,71.9,72.24,72.86,73.6,74.47,75.09,75.56,75.56,74.87,73.13,69.69,64.89,59.04,51.89,44.25,36.98,30.64,25.49,21.79,19.51,18.11,17.69
In-WB-001-O-SF-3#20220513-A2-20T-3,46,71.06,-0.93,-0.14,2.27,0.2,-2.71,3.54,38.8,39.83,40.61,41.77,42.32,42.87,43.04,42.93,42.82,42.69,42.54,42.43,42.32,42.25,42.26,42.26,42.36,42.52,42.68,42.88,42.77,42.59,41.98,41.02,39.46,37.48,34.7,31.66,28.33,25.29,22.64,87.8,-5,-0.23,8.62,2.48,-1.97,9.19,65.46,67.47,69.41,71.16,72.07,72.47,72.61,72.75,72.57,72.34,72.28,72.41,72.63,73.08,73.36,73.65,73.96,74.22,74.17,73.28,71.45,68.75,64.47,58.8,52.39,45.83,39.63,34.38,30.48,27.56,26.03
In-WB-001-O-SF-3#20220513-A3-20T-3,46,67.98,0.32,2.92,-0.81,1.46,0.35,1.71,30.5,31.97,33.08,34.54,35.38,36.11,36.53,36.63,36.79,36.91,36.93,36.99,37.16,37.29,37.5,37.76,38.14,38.58,39.03,39.46,39.71,39.9,39.74,39.12,38.01,36.38,34.05,31.38,28.34,25.51,22.79,83.88,-3.56,4.62,4.71,3.92,2.87,6.77,49.8,52.25,54.71,57.02,58.39,59.27,59.91,60.52,60.86,61.15,61.58,62.2,62.94,63.9,64.72,65.68,66.64,67.55,68.15,67.82,66.52,64.3,60.61,55.69,49.94,43.99,38.16,33.01,28.75,25.15,22.75
In-WB-001-O-SF-3#20220514-A1-20T-3,43.5,68.61,0.45,3.68,-0.18,1.59,1.1,1.94,29.18,31.36,32.91,34.59,35.54,36.42,36.89,37.12,37.36,37.49,37.57,37.73,37.9,38.03,38.31,38.6,39,39.46,39.97,40.5,40.89,41.18,41.06,40.61,39.5,37.88,35.22,32.22,28.62,25,21.68,84.84,-2.46,5.86,5.66,5.02,4.11,8.61,48.53,51.34,54.3,57.1,58.77,59.82,60.53,61.23,61.68,62.05,62.53,63.23,64.06,65.11,66.06,67.1,68.24,69.39,70.35,70.62,69.98,68.38,65.13,60.25,54.11,47.14,39.86,32.91,26.89,21.49,17.68
In-WB-001-O-SF-3#20220514-A2-20T-3,43.5,68.13,-0.31,3.32,-0.66,0.83,0.74,1.29,29.31,31.35,32.58,33.84,35.03,36.23,36.74,36.68,36.9,37.15,37.26,37.38,37.53,37.63,37.89,38.12,38.46,38.82,39.25,39.54,39.75,39.86,39.5,38.86,37.54,35.77,33.31,30.4,27.12,23.85,21.02,83.48,-4.06,4.44,4.31,3.41,2.69,6.12,48.42,51.05,53.77,56.28,57.82,58.79,59.48,60.14,60.57,60.91,61.29,61.86,62.58,63.4,64.18,64.96,65.77,66.5,66.98,66.63,65.39,63.27,59.66,54.69,48.75,42.36,35.94,30.05,25.1,20.99,18.28
In-WB-001-O-SF-3#20220514-A3-11T-3,24.5,65.71,-0.41,5.41,-3.08,0.73,2.83,4.25,23.28,25.73,27.29,28.9,30.37,31.74,32.38,32.54,32.91,33.31,33.63,33.94,34.14,34.35,34.71,35.03,35.46,35.88,36.33,36.71,36.84,36.96,36.65,36.06,34.9,33.38,31.19,28.68,25.68,22.73,20.05,80.17,-3.94,6.98,1,3.54,5.24,6.4,38.18,41.13,44.23,47.37,49.28,50.56,51.57,52.53,53.21,53.81,54.49,55.28,56.15,57.16,58.03,58.94,59.74,60.43,60.85,60.59,59.62,57.94,54.95,50.89,45.97,40.55,34.95,29.59,24.95,20.68,17.61
In-WB-001-O-SF-3#20220516-A1-20T-3,46,69.07,-0.15,3.95,0.28,0.99,1.38,1.72,28.37,30.91,32.65,34.2,35.69,37.07,37.73,37.78,37.98,38.26,38.47,38.56,38.69,38.79,39.11,39.31,39.67,40.11,40.57,40.99,41.29,41.44,41.24,40.75,39.58,37.97,35.56,32.8,29.25,25.86,22.87,84.96,-3.36,5.67,5.79,4.11,3.93,8.11,47.39,50.68,54.01,57.16,59.04,60.28,61.18,62,62.52,62.94,63.43,64.11,64.9,65.82,66.66,67.62,68.53,69.49,70.17,70.15,69.24,67.47,64.14,59.34,53.42,46.84,39.95,33.36,27.55,22.31,18.51
In-WB-001-O-SF-3#20220516-A2-20T-3,42.5,64.97,-0.15,4.72,-3.82,0.99,2.15,4.49,22.97,25.49,27.05,28.56,30.05,31.38,31.91,32.07,32.35,32.74,32.96,33.2,33.33,33.44,33.76,33.93,34.27,34.6,35.04,35.37,35.6,35.86,35.76,35.52,34.84,33.73,32.04,29.87,27.14,24.28,21.63,79.77,-2.5,7.18,0.6,4.98,5.43,7.39,36.68,39.76,43.09,46.41,48.45,49.81,50.85,51.8,52.5,53.05,53.67,54.39,55.12,55.94,56.66,57.46,58.23,59.04,59.72,59.9,59.58,58.69,56.66,53.54,49.36,44.39,38.89,33.26,28.03,23.02,19.2
In-WB-001-O-SF-3#20220517-A1-20T-3,46.5,67.11,0.03,4.57,-1.68,1.16,1.99,2.86,25.35,27.87,29.62,31.13,32.72,34.16,34.75,34.75,35.07,35.4,35.63,35.81,35.96,36.11,36.43,36.68,36.99,37.47,37.89,38.3,38.6,38.85,38.77,38.5,37.63,36.3,34.29,31.71,28.64,25.44,22.41,82.71,-2.92,6.59,3.53,4.56,4.85,7.54,42.25,45.42,48.72,51.98,54,55.31,56.27,57.18,57.8,58.32,58.88,59.6,60.41,61.3,62.1,63.03,63.99,64.92,65.7,65.82,65.24,63.88,61.04,56.79,51.44,45.35,38.87,32.65,27.13,22.17,18.51
In-WB-001-O-SF-3#20220517-A2-20T-3,46,67.05,0.68,5.59,-1.74,1.82,3.02,3.93,24.36,27.01,28.61,30.2,31.9,33.29,33.97,34.08,34.43,34.83,35.08,35.34,35.57,35.75,36.14,36.52,36.95,37.46,38.04,38.55,39.05,39.44,39.59,39.44,38.77,37.64,35.79,33.27,30.11,26.65,23.36,83.89,-1.37,8.42,4.72,6.11,6.67,10.2,41.41,44.72,48.32,51.86,54.03,55.52,56.65,57.71,58.47,59.1,59.81,60.73,61.69,62.81,63.78,64.91,66.02,67.22,68.35,68.93,68.9,68.26,66.24,62.78,58.06,52.29,45.82,39.23,32.94,26.9,22.21
In-WB-001-O-SF-3#20220517-A3-20T-3,47,67.5,0,4.36,-1.29,1.14,1.79,2.48,26.29,28.78,30.57,31.82,33.37,34.72,35.33,35.34,35.68,36.03,36.22,36.38,36.52,36.64,36.99,37.23,37.55,37.92,38.35,38.76,39.06,39.27,39.23,38.97,38.12,36.85,34.99,32.57,29.5,26.27,23.25,83.9,-2.41,6.51,4.73,5.07,4.76,8.42,44.33,47.5,50.83,54.16,56.16,57.49,58.48,59.41,60.04,60.54,61.08,61.78,62.53,63.47,64.26,65.16,65.99,66.91,67.74,68,67.59,66.57,64.1,60.31,55.37,49.59,43.29,36.99,31.17,25.6,21.35
In-WB-001-O-SF-3#20220518-A1-20T-3,47,66.62,-0.35,5.63,-2.17,0.79,3.06,3.83,23.69,26.35,28.01,29.54,31.26,32.74,33.39,33.57,34,34.44,34.75,34.99,35.26,35.46,35.85,36.2,36.6,37.06,37.54,37.96,38.21,38.33,38.1,37.5,36.33,34.56,32.13,29.3,25.94,22.7,19.74,82.04,-4.05,7.58,2.87,3.43,5.84,7.35,39.34,42.48,45.96,49.42,51.64,53.17,54.32,55.4,56.21,56.87,57.56,58.42,59.38,60.43,61.35,62.33,63.28,64.17,64.79,64.64,63.66,61.84,58.5,53.79,48.11,41.86,35.39,29.29,24.02,19.3,16.01
In-WB-001-O-SF-3#20220518-A2-20T-3,46,67.81,-0.48,5.01,-0.98,0.66,2.44,2.71,26.34,28.53,30.13,32.26,33.53,34.26,34.92,35.42,35.85,36.15,36.39,36.61,36.96,37.14,37.51,37.85,38.2,38.66,39.08,39.56,39.78,39.86,39.45,38.63,37.14,35.19,32.49,29.58,26.23,23,20.15,84.79,-4.9,6.86,5.62,2.57,5.12,8.02,45.07,48.2,51.6,55.02,57.25,58.7,59.79,60.84,61.59,62.24,63,63.89,64.89,66.06,67.03,68.07,69.07,69.96,70.39,69.83,68.35,65.83,61.66,56.2,49.86,43.29,36.72,30.75,25.7,21.36,18.4
In-WB-001-O-SF-3#20220519-A1-20T-3,46.5,65.91,-0.31,6.65,-2.88,0.82,4.08,5.06,21.47,24.13,26.19,28.51,29.93,30.79,31.57,32.15,32.84,33.3,33.6,33.91,34.28,34.58,34.98,35.27,35.72,36.19,36.71,37.12,37.45,37.6,37.46,36.97,35.87,34.38,32.06,29.58,26.47,23.3,20.36,81.37,-3.55,9.33,2.2,3.93,7.58,8.82,35.95,39.15,42.68,46.35,48.67,50.32,51.62,52.85,53.83,54.69,55.6,56.63,57.71,58.91,59.95,61.05,62.09,63.12,63.83,63.82,63.04,61.46,58.52,54.29,49.11,43.26,37.07,31.08,25.72,20.82,17.18
In-WB-001-O-SF-3#20220519-A2-20T-3,46,64.1,0.69,7.24,-4.69,1.82,4.66,6.86,19.71,22.16,23.89,26.13,27.52,28.34,29.06,29.64,30.23,30.67,31,31.33,31.76,32.04,32.39,32.84,33.27,33.84,34.36,34.99,35.53,35.93,36.07,35.86,35.17,34.06,32.21,30.01,27.17,24.28,21.49,79.9,-1.96,10.47,0.73,5.51,8.73,10.35,32.85,35.92,39.31,42.96,45.3,46.93,48.23,49.46,50.43,51.28,52.19,53.23,54.33,55.58,56.65,57.87,59.06,60.25,61.3,61.71,61.51,60.59,58.31,54.83,50.33,45.05,39.33,33.67,28.51,23.62,19.82
In-WB-001-O-SF-3#20220519-A3-20T-3,46,64.17,0.41,6.59,-4.62,1.55,4.02,6.32,19.23,22.01,24,26.5,28.02,28.89,29.66,30.31,30.84,31.28,31.52,31.77,32.07,32.25,32.57,32.83,33.2,33.61,34.1,34.63,35.12,35.54,35.82,35.88,35.53,34.86,33.47,31.51,28.98,26.01,23.05,79.76,-0.95,9.97,0.58,6.53,8.22,10.51,32.17,35.54,39.33,43.19,45.59,47.26,48.55,49.74,50.66,51.45,52.24,53.12,54.07,55.07,55.97,56.98,58.03,59.16,60.29,61.05,61.36,61.14,59.74,57.13,53.34,48.56,43.08,37.35,31.87,26.49,22.23
In-WB-001-O-SF-3#20220520-A1-20T-3,44.5,66.96,-0.75,6.81,-1.83,0.39,4.24,4.63,21.92,24.85,26.88,29.46,30.97,31.9,32.77,33.56,34.24,34.7,35.04,35.4,35.76,36.01,36.44,36.77,37.12,37.62,38.05,38.45,38.78,38.86,38.68,38.07,36.79,35.04,32.54,29.58,26.09,22.36,19.22,83.12,-4.57,9.52,3.95,2.91,7.77,9.19,36.85,40.38,44.34,48.55,51.26,53.14,54.6,56,57.11,58.09,59.04,60.17,61.37,62.63,63.64,64.68,65.65,66.58,67.17,66.97,65.96,64.12,60.75,55.96,50.13,43.55,36.61,29.99,24.15,18.97,15.21
In-WB-001-O-SF-3#20220520-A2-20T-3,47.5,65.03,-1.31,5.12,-3.76,-0.18,2.55,4.55,22.01,24.62,26.37,28.4,29.97,31.07,31.72,31.95,32.44,32.75,33,33.23,33.53,33.71,34.1,34.41,34.75,35.14,35.48,35.67,35.74,35.54,34.87,33.84,32.36,30.43,27.93,25.32,22.58,19.95,17.62,79.94,-5.83,7.08,0.77,1.65,5.34,5.64,36.37,39.69,43.19,46.66,48.79,50.15,51.2,52.22,52.99,53.7,54.51,55.41,56.43,57.51,58.39,59.23,59.98,60.52,60.58,59.73,58.03,55.55,51.83,47.16,41.97,36.55,31.17,26.24,22.09,18.42,15.83
In-WB-001-O-SF-3#20220521-A1-20T-3,46.5,64.75,-2.31,7.21,-4.04,-1.17,4.64,6.26,20.29,22.74,24.34,26.59,27.92,29.1,30,30.52,31.23,31.78,32.16,32.6,33.13,33.46,33.98,34.43,34.95,35.44,35.71,35.84,35.56,35.01,33.96,32.44,30.47,28.12,25.53,22.92,20.12,17.73,15.82,78.6,-9.35,8.78,-0.57,-1.87,7.03,7.3,32.03,35.12,38.59,42.18,44.58,46.31,47.75,49.17,50.36,51.43,52.58,53.83,55.13,56.44,57.54,58.47,59,59.03,58.28,56.43,53.61,50.09,45.56,40.44,35.17,30.01,25.15,20.88,17.43,14.44,12.39
In-WB-001-O-SF-3#20220521-A2-26T-3,59,64.72,-0.32,5.21,-4.07,0.82,2.63,4.91,23.87,25.59,26.82,28.32,29.62,30.64,31.08,31.18,31.47,31.8,32.01,32.33,32.65,33.01,33.48,33.95,34.5,35.03,35.49,35.82,35.86,35.63,34.98,33.94,32.36,30.58,28.32,26.01,23.67,21.32,19.6,79.85,-5.63,6.83,0.68,1.85,5.08,5.45,39.56,42.21,44.91,47.53,49.11,50.06,50.8,51.58,52.23,52.92,53.8,54.87,56.04,57.32,58.47,59.53,60.35,60.84,60.72,59.59,57.49,54.67,50.83,46.34,41.65,37.08,32.71,28.91,25.86,23.35,21.73
In-WB-001-O-SF-10#20220523-A1-1T-3,3,60.47,1.53,12.18,-8.32,2.67,9.61,12.99,12.73,14.88,16.45,18.5,20.33,21.8,22.8,23.59,24.44,25.18,25.75,26.31,26.9,27.37,27.92,28.49,29.15,29.84,30.6,31.41,32.12,32.8,33.33,33.46,33.1,32.26,30.71,28.7,26.36,23.67,21.49,75.82,-2.21,14.29,-3.35,5.26,12.54,14.01,20.89,24.1,28.11,32.75,35.79,37.95,39.67,41.28,42.59,43.68,44.78,45.96,47.19,48.51,49.69,50.92,52.15,53.4,54.62,55.33,55.3,54.36,51.94,48.5,44.44,40.09,35.71,31.64,28.15,25,22.63
In-WB-001-O-SF-10#20220523-A2-20T-3,79.5,63.97,3.75,9.13,-4.82,4.88,6.56,9.49,21.85,23.01,23.98,25.39,26.33,26.92,27.3,27.57,28.05,28.56,28.95,29.45,30.19,30.78,31.63,32.46,33.34,34.31,35.27,36.2,37.04,37.73,38.2,38.36,38.11,37.52,36.22,34.51,32.02,29.06,26.27,77.81,3.58,14.47,-1.36,11.06,12.72,16.91,31.55,33.44,35.53,37.68,39.07,40.06,40.85,41.74,42.58,43.47,44.59,46,47.69,49.59,51.4,53.35,55.27,57.28,59.2,60.68,61.64,62.09,61.44,59.73,56.96,53.27,48.81,44.03,39.33,34.53,30.49
In-WB-001-O-SF-10#20220524-A1-18T-3,72,57.63,4.26,9.48,-11.16,5.4,6.91,14.19,15.66,16.76,17.71,18.93,19.92,20.48,20.84,21.19,21.67,22.1,22.47,22.83,23.38,23.83,24.39,25.05,25.81,26.62,27.46,28.36,29.27,30.1,30.76,31.27,31.38,31.37,30.69,29.69,28.05,26.02,24.04,68.61,4.44,14.23,-10.56,11.92,12.49,20.24,20.56,22.21,24.17,26.26,27.66,28.71,29.55,30.39,31.13,31.84,32.63,33.57,34.64,35.89,37.12,38.51,39.97,41.6,43.28,44.71,45.88,46.81,46.97,46.37,44.92,42.76,39.98,36.87,33.75,30.52,27.77
In-WB-001-O-SF-10#20220525-A1-28T-3,109,69.8,-1.7,2.68,1.02,-0.56,0.11,1.17,36.28,36.47,36.79,37.92,38.11,38.25,38.63,38.81,39.05,39.32,39.47,39.8,40.2,40.46,40.88,41.22,41.53,41.8,41.92,41.88,41.58,40.9,39.85,38.2,35.88,33.21,30.31,27.75,25.71,24.21,23.28,83.13,-7.1,4.51,3.96,0.37,2.76,4.84,52.42,53.53,54.75,56.03,56.96,57.64,58.16,58.84,59.39,59.99,60.82,61.92,63.1,64.39,65.35,66.19,66.69,66.88,66.49,64.97,62.22,58.39,53.11,47.11,41.45,36.74,33.11,30.65,29.08,27.96,27.44
In-WB-001-O-SF-10#20220526-A1-30T-3,120.5,61.71,0.94,5.67,-7.07,2.08,3.1,8,23.96,24.4,24.52,25.61,26.32,26.62,26.76,26.86,27.17,27.5,27.75,28.2,28.61,29.06,29.63,30.21,30.87,31.55,32.23,32.69,32.93,32.87,32.29,31.18,29.34,27.08,24.46,22,19.93,18.12,16.96,71.79,-3.6,9.05,-7.38,3.88,7.31,11.09,32.01,32.87,33.82,34.78,35.43,35.93,36.37,36.97,37.57,38.25,39.14,40.27,41.53,42.99,44.38,45.77,47.02,48.12,48.74,48.38,46.88,44.28,40.31,35.56,30.85,26.71,23.35,20.81,19.03,17.6,16.66
In-WB-001-O-SF-10#20220526-A2-35T-3,118.5,64.93,-2.04,2.53,-3.86,-0.9,-0.04,3.97,29.97,30.09,30.63,31.48,32.24,32.4,32.47,32.47,32.55,32.81,32.95,33.22,33.65,34.01,34.48,34.89,35.22,35.42,35.43,35.22,34.68,33.88,32.64,31.08,28.98,26.86,24.56,22.47,20.79,19.4,18.53,76.73,-7.97,3.54,-2.44,-0.49,1.79,3.07,43.71,44.83,45.94,46.93,47.52,47.84,48.02,48.39,48.73,49.22,50.02,51.13,52.32,53.54,54.39,54.98,55.18,54.94,54.02,52.13,49.32,45.87,41.51,36.85,32.42,28.7,25.76,23.64,22.24,21.14,20.47
In-WB-001-O-SF-10#20220527-A1-30T-3,128,63.99,-3.62,2.91,-4.8,-2.48,0.33,5.41,28.28,28.79,29.26,30.26,30.74,30.85,30.95,31.06,31.41,31.85,32.11,32.53,33.04,33.39,33.76,34.05,34.27,34.3,34.19,33.74,33,31.91,30.24,28.3,25.97,23.67,21.39,19.58,18.24,17.09,16.4,74.05,-11.27,2.99,-5.12,-3.79,1.25,6.49,39.77,40.82,41.74,42.65,43.33,43.91,44.51,45.36,46.18,47,47.86,48.77,49.65,50.43,50.85,50.99,50.69,49.93,48.49,46.03,42.75,38.92,34.47,30.06,26.27,23.35,21.23,19.83,18.92,18.18,17.77
In-WB-001-O-SF-10#20220527-A2-30T-3,137,62.23,-0.96,5.14,-6.56,0.18,2.56,7.04,24.57,24.88,25.3,26.58,27.32,27.52,27.6,27.74,28.04,28.43,28.7,29.21,29.81,30.22,30.87,31.48,31.93,32.4,32.69,32.7,32.53,31.88,30.9,29.51,27.6,25.53,23.25,21.21,19.34,17.9,16.51,72.39,-7.76,6.8,-6.78,-0.28,5.05,8.46,34.2,35.35,36.45,37.4,37.95,38.37,38.78,39.48,40.31,41.27,42.43,43.74,45.01,46.23,47.13,47.83,48.17,48.13,47.48,45.91,43.56,40.61,36.83,32.77,28.94,25.7,23.07,21.11,19.76,18.61,17.91
